"Name","Rank","Number of Births"
"Mary","1","2861"
"Catherine","2","1279"
"Margaret","3","1216"
"Ann","4","837"
"Anne","5","786"
"Elizabeth","6","672"
"Deirdre","7","613"
"Bridget","8","554"
"Patricia","9","537"
"Geraldine","10","499"
"Helen","11","424"
"Martina","12","420"
"Caroline","13","400"
"Bernadette","14","374"
"Sandra","15","366"
"Jacqueline","16","344"
"Linda","17","325"
"Eileen","18","313"
"Kathleen","19","312"
"Teresa","20","308"
"Sharon","21","302"
"Susan","21","302"
"Marie","23","298"
"Fiona","24","287"
"Carmel","25","281"
"Brigid","26","278"
"Karen","27","276"
"Pauline","28","270"
"Nora","29","261"
"Maria","30","257"
"Siobhan","31","242"
"Angela","32","226"
"Joan","33","219"
"Paula","34","218"
"Ellen","35","203"
"Anna","36","202"
"Josephine","37","199"
"Carol","38","197"
"Orla","39","171"
"Sarah","40","166"
"Yvonne","41","164"
"Valerie","42","161"
"Denise","42","161"
"Lorraine","44","159"
"Sheila","45","153"
"Louise","46","150"
"Christina","47","148"
"Barbara","48","147"
"Elaine","49","142"
"Rose","50","141"
"Michelle","51","136"
"Veronica","52","131"
"Clare","52","131"
"Colette","52","131"
"Frances","52","131"
"Niamh","56","129"
"Grainne","57","121"
"Annette","58","119"
"Julia","59","113"
"Brenda","60","111"
"Michele","60","111"
"Noreen","60","111"
"Audrey","63","109"
"Jennifer","64","108"
"Suzanne","64","108"
"Theresa","66","106"
"Johanna","67","104"
"Helena","68","103"
"Deborah","69","102"
"Jane","70","101"
"Claire","70","101"
"Jean","72","100"
"Alice","73","98"
"Una","74","97"
"Christine","75","90"
"Sinead","76","89"
"Adrienne","77","84"
"Katherine","78","80"
"Miriam","78","80"
"Rita","80","79"
"Laura","81","78"
"Aileen","82","77"
"Ruth","83","76"
"Rosemary","83","76"
"Marian","85","75"
"Edel","86","73"
"Janet","86","73"
"Monica","88","72"
"Jacinta","88","72"
"Evelyn","90","70"
"Pamela","90","70"
"Dolores","90","70"
"Imelda","93","68"
"Majella","93","68"
"Nuala","93","68"
"Shirley","93","68"
"Amanda","97","65"
"Alison","98","64"
"Noeleen","98","64"
"Aisling","100","63"
"Philomena","100","63"
"Gillian","102","62"
"Olive","102","62"
"Hannah","104","61"
"Mairead","104","61"
"Antoinette","106","60"
"Maeve","107","59"
"Ciara","108","57"
"Aine","109","56"
"Eleanor","109","56"
"Regina","109","56"
"Irene","112","54"
"Emer","113","53"
"Stephanie","113","53"
"Agnes","113","53"
"Fionnuala","116","51"
"Ursula","117","50"
"Lucy","118","49"
"Therese","119","48"
"Eithne","119","48"
"Rosaleen","119","48"
"Winifred","122","47"
"Rachel","123","44"
"Hilary","123","44"
"Marion","125","43"
"Maureen","125","43"
"Dorothy","125","43"
"Aideen","128","42"
"Sylvia","129","40"
"Grace","130","39"
"Anita","130","39"
"Ita","130","39"
"Anastasia","133","37"
"Judith","133","37"
"Breda","133","37"
"Loraine","133","37"
"Catriona","137","36"
"Fidelma","137","36"
"Nicola","139","35"
"Annie","139","35"
"Cora","139","35"
"Julie","139","35"
"Dympna","139","35"
"Celine","144","34"
"Joyce","144","34"
"Roisin","146","33"
"Olivia","147","32"
"Avril","147","32"
"Esther","147","32"
"Vivienne","147","32"
"Maire","151","31"
"Norah","151","31"
"June","151","31"
"Hazel","154","29"
"Lisa","154","29"
"Martha","154","29"
"Joanne","154","29"
"Noelle","154","29"
"Concepta","154","29"
"Clodagh","160","27"
"Lorna","160","27"
"Eimear","162","26"
"Finola","162","26"
"Sara","164","25"
"Heather","164","25"
"Kathryn","164","25"
"Donna","164","25"
"Maura","164","25"
"Allison","164","25"
"Lynda","170","24"
"Susanne","170","24"
"Janice","172","23"
"Doreen","173","22"
"Hanora","174","21"
"Darina","174","21"
"Gwendoline","174","21"
"Lesley","174","21"
"Gertrude","178","20"
"Marcella","178","20"
"Marguerite","178","20"
"Siobhain","178","20"
"Rebecca","182","19"
"Gemma","182","19"
"Cecilia","182","19"
"Andrea","185","18"
"Brid","185","18"
"Madeline","185","18"
"Diane","185","18"
"Aoife","189","17"
"Emily","189","17"
"Eilish","189","17"
"Florence","189","17"
"Jeanette","189","17"
"Tracey","189","17"
"Eva","195","16"
"Gabrielle","195","16"
"Georgina","195","16"
"Marina","195","16"
"Assumpta","195","16"
"Deborrah","195","16"
"Janette","195","16"
"Norma","195","16"
"Charlotte","203","15"
"Stella","203","15"
"Muriel","203","15"
"Noeline","203","15"
"Wendy","207","14"
"Rosemarie","207","14"
"Loretta","207","14"
"Lilian","210","13"
"Rhona","210","13"
"Gerardine","210","13"
"Oonagh","210","13"
"Kim","214","12"
"Tracy","214","12"
"Ingrid","214","12"
"Hilda","214","12"
"Lucia","218","11"
"Joanna","218","11"
"Sheena","218","11"
"Brona","218","11"
"Attracta","218","11"
"Cathriona","218","11"
"Fionnula","218","11"
"Freda","218","11"
"Emma","226","10"
"Sophia","226","10"
"Ailish","226","10"
"Caitriona","226","10"
"Tina","226","10"
"Vivian","226","10"
"Collette","226","10"
"Edwina","226","10"
"Lynn","226","10"
"Phyllis","226","10"
"Diana","236","9"
"Natalie","236","9"
"Sally","236","9"
"Olga","236","9"
"Bronwyn","236","9"
"Derval","236","9"
"Harriet","236","9"
"Olwyn","236","9"
"Rosanna","236","9"
"Bernice","236","9"
"Camilla","236","9"
"Moira","236","9"
"Sonia","236","9"
"Violet","236","9"
"Abina","236","9"
"Daphne","236","9"
"Dymphna","236","9"
"Eimer","236","9"
"Loretto","236","9"
"Rosarie","236","9"
"Nicole","256","8"
"Victoria","256","8"
"Rachael","256","8"
"Cliona","256","8"
"Beatrice","256","8"
"Dara","256","8"
"Adele","256","8"
"Katrina","256","8"
"Cynthia","256","8"
"Eilis","256","8"
"Delia","256","8"
"Cecelia","256","8"
"Susanna","256","8"
"Belinda","256","8"
"Catherina","256","8"
"Ethel","256","8"
"Finnuala","256","8"
"Leslie","256","8"
"Rhonda","256","8"
"Virginia","256","8"
"Tara","276","7"
"Isabella","276","7"
"Isobel","276","7"
"Vanessa","276","7"
"Melissa","276","7"
"Ashley","276","7"
"Samantha","276","7"
"Carole","276","7"
"Honora","276","7"
"Jude","276","7"
"Karan","276","7"
"Marjorie","276","7"
"Alexandra","288","6"
"Eve","288","6"
"Naomi","288","6"
"Bronagh","288","6"
"Hanna","288","6"
"Joy","288","6"
"Melanie","288","6"
"Dawn","288","6"
"Madeleine","288","6"
"Genevieve","288","6"
"Julianne","288","6"
"Dora","288","6"
"Sabina","288","6"
"Edith","288","6"
"Marianne","288","6"
"Marguerita","288","6"
"Carolyn","288","6"
"Ethna","288","6"
"Sheelagh","288","6"
"Vera","288","6"
"Katherina","288","6"
"Rosanne","288","6"
"Leah","310","5"
"Leona","310","5"
"Juliet","310","5"
"Jill","310","5"
"Sadie","310","5"
"Nessa","310","5"
"Blaithin","310","5"
"Lillian","310","5"
"Iris","310","5"
"Tanya","310","5"
"Gina","310","5"
"Honor","310","5"
"Alma","310","5"
"Sonya","310","5"
"Anastatia","310","5"
"Cathleen","310","5"
"Cheryl","310","5"
"Debra","310","5"
"Graine","310","5"
"Jacintha","310","5"
"Jeanne","310","5"
"Johannah","310","5"
"Liza","310","5"
"Lucinda","310","5"
"Mairin","310","5"
"Myra","310","5"
"Myrtle","310","5"
"Paulette","310","5"
"Rosalind","310","5"
"Shelia","310","5"
"Shiela","310","5"
"Bernadine","310","5"
"Noelette","310","5"
"Perpetua","310","5"
"Cara","344","4"
"Danielle","344","4"
"Moya","344","4"
"Erica","344","4"
"Simone","344","4"
"Pearl","344","4"
"Leonie","344","4"
"Julianna","344","4"
"Antonia","344","4"
"Celina","344","4"
"Celia","344","4"
"Ide","344","4"
"Suzanna","344","4"
"Aveen","344","4"
"Beverley","344","4"
"Beverly","344","4"
"Bridin","344","4"
"Caron","344","4"
"Clair","344","4"
"Dervilla","344","4"
"Gladys","344","4"
"Jenifer","344","4"
"Karin","344","4"
"Kathrina","344","4"
"Katriona","344","4"
"Marisa","344","4"
"Noleen","344","4"
"Rosaline","344","4"
"Rosario","344","4"
"Sioban","344","4"
"Tania","344","4"
"Derville","344","4"
"Eiblis","344","4"
"Fionuala","344","4"
"Glenda","344","4"
"Marita","344","4"
"Kate","380","3"
"Caoimhe","380","3"
"Jessica","380","3"
"Shauna","380","3"
"Isabel","380","3"
"Muireann","380","3"
"Natasha","380","3"
"Lena","380","3"
"Neasa","380","3"
"Serena","380","3"
"Louisa","380","3"
"Orna","380","3"
"Renee","380","3"
"Gloria","380","3"
"Judy","380","3"
"Susannah","380","3"
"Jillian","380","3"
"Dervla","380","3"
"Gwen","380","3"
"Selina","380","3"
"Aedin","380","3"
"Lavinia","380","3"
"Mandy","380","3"
"Agatha","380","3"
"Bridie","380","3"
"Eibhlin","380","3"
"Felicity","380","3"
"Petra","380","3"
"Roberta","380","3"
"Vivien","380","3"
"Adrianne","380","3"
"Angelique","380","3"
"Arlene","380","3"
"Bernardine","380","3"
"Blanaid","380","3"
"Constance","380","3"
"Doris","380","3"
"Hanorah","380","3"
"Helga","380","3"
"Hillary","380","3"
"Justine","380","3"
"Leonora","380","3"
"Letitia","380","3"
"Lucille","380","3"
"Lynne","380","3"
"Monique","380","3"
"Olwen","380","3"
"Priscilla","380","3"
"Rhoda","380","3"
"Roseann","380","3"
"Roseanne","380","3"
"Rosita","380","3"
"Terri","380","3"
"Trudy","380","3"
"Bertha","380","3"
"Cecily","380","3"
"Corinna","380","3"
"Daragh","380","3"
"Eithna","380","3"
"Estella","380","3"
"Finuala","380","3"
"Finula","380","3"
"Gwendolyn","380","3"
"Helene","380","3"
"Hilery","380","3"
"Lenora","380","3"
"Leone","380","3"
"Lourda","380","3"
"Niambh","380","3"
"Rosina","380","3"