"Name","Rank","Number of Births"
"Mary","1","3229"
"Margaret","2","1395"
"Catherine","3","1351"
"Anne","4","840"
"Ann","5","807"
"Elizabeth","6","779"
"Geraldine","7","591"
"Patricia","8","581"
"Bridget","9","555"
"Caroline","10","501"
"Deirdre","11","470"
"Helen","12","453"
"Jacqueline","13","431"
"Sandra","14","417"
"Bernadette","15","389"
"Martina","16","369"
"Eileen","17","367"
"Kathleen","18","319"
"Susan","18","319"
"Teresa","20","318"
"Angela","21","314"
"Nora","22","310"
"Linda","23","309"
"Pauline","24","300"
"Carmel","25","294"
"Brigid","26","293"
"Fiona","27","290"
"Karen","28","289"
"Marie","29","286"
"Anna","30","285"
"Ellen","31","281"
"Sharon","32","266"
"Joan","33","262"
"Siobhan","34","247"
"Josephine","34","247"
"Maria","36","243"
"Carol","37","217"
"Paula","38","215"
"Orla","39","186"
"Lorraine","40","173"
"Sarah","41","172"
"Yvonne","42","167"
"Frances","43","163"
"Sheila","44","161"
"Julia","45","153"
"Barbara","45","153"
"Christina","47","148"
"Colette","48","144"
"Valerie","49","141"
"Rose","50","137"
"Denise","51","134"
"Grainne","52","133"
"Clare","53","132"
"Veronica","54","130"
"Brenda","55","120"
"Elaine","56","117"
"Louise","57","116"
"Christine","58","108"
"Suzanne","59","107"
"Alice","60","102"
"Jean","61","101"
"Michele","61","101"
"Claire","63","99"
"Miriam","63","99"
"Annette","65","97"
"Ruth","66","96"
"Jane","67","94"
"Monica","68","93"
"Helena","69","92"
"Rosemary","69","92"
"Katherine","71","91"
"Nuala","71","91"
"Audrey","73","90"
"Noreen","74","89"
"Deborah","75","87"
"Rita","76","85"
"Theresa","77","83"
"Evelyn","78","82"
"Adrienne","79","81"
"Johanna","80","80"
"Regina","80","80"
"Marian","80","80"
"Imelda","80","80"
"Majella","84","79"
"Emer","85","78"
"Dolores","86","77"
"Jennifer","87","75"
"Janet","87","75"
"Niamh","89","73"
"Una","89","73"
"Jacinta","89","73"
"Edel","92","71"
"Maeve","93","70"
"Antoinette","93","70"
"Noeleen","93","70"
"Michelle","96","69"
"Olive","96","69"
"Therese","98","67"
"Irene","99","66"
"Philomena","100","65"
"Esther","101","64"
"Rosaleen","101","64"
"Aileen","103","62"
"Mairead","104","60"
"Agnes","104","60"
"Gillian","106","59"
"Hilary","106","59"
"Sinead","108","58"
"Eleanor","108","58"
"Winifred","110","57"
"Pamela","111","56"
"Maureen","111","56"
"Dympna","111","56"
"Ursula","111","56"
"Aine","115","55"
"Stephanie","116","52"
"Alison","117","50"
"Celine","117","50"
"Hannah","119","49"
"Ita","119","49"
"Aisling","121","48"
"Laura","122","47"
"Dorothy","123","46"
"June","124","45"
"Martha","125","44"
"Marion","125","44"
"Maire","127","42"
"Eithne","128","41"
"Amanda","129","40"
"Judith","129","40"
"Grace","131","39"
"Annie","131","39"
"Shirley","133","38"
"Concepta","134","37"
"Roisin","135","36"
"Sylvia","135","36"
"Norah","135","36"
"Fidelma","135","36"
"Ciara","139","35"
"Gabrielle","140","34"
"Madeline","140","34"
"Nicola","142","32"
"Cora","142","32"
"Rachel","144","31"
"Kathryn","144","31"
"Fionnuala","144","31"
"Julie","147","30"
"Lucy","148","29"
"Aideen","148","29"
"Anastasia","148","29"
"Anita","148","29"
"Caitriona","152","28"
"Noelle","152","28"
"Donna","152","28"
"Avril","155","27"
"Lorna","155","27"
"Maura","155","27"
"Georgina","155","27"
"Finola","155","27"
"Joyce","160","26"
"Gemma","161","25"
"Doreen","161","25"
"Susanne","161","25"
"Loraine","164","24"
"Cecilia","165","23"
"Marguerite","165","23"
"Heather","167","22"
"Hanna","167","22"
"Sally","167","22"
"Assumpta","167","22"
"Janice","167","22"
"Sara","172","21"
"Charlotte","172","21"
"Lesley","172","21"
"Aoife","175","20"
"Vivienne","175","20"
"Catriona","175","20"
"Breda","175","20"
"Hanora","175","20"
"Hazel","180","19"
"Brid","180","19"
"Vivian","180","19"
"Hilda","180","19"
"Marcella","180","19"
"Norma","180","19"
"Rebecca","186","18"
"Stella","186","18"
"Florence","186","18"
"Belinda","186","18"
"Gertrude","186","18"
"Janette","186","18"
"Cliona","192","17"
"Collette","192","17"
"Olivia","194","16"
"Eimear","194","16"
"Joanne","194","16"
"Siobhain","194","16"
"Emma","198","15"
"Lilian","198","15"
"Jeanette","198","15"
"Oonagh","198","15"
"Emily","202","14"
"Marina","202","14"
"Dora","202","14"
"Darina","202","14"
"Dervilla","202","14"
"Ethna","202","14"
"Gerardine","202","14"
"Clodagh","209","13"
"Lisa","209","13"
"Diana","209","13"
"Joanna","209","13"
"Violet","209","13"
"Carolyn","209","13"
"Andrea","215","12"
"Ailish","215","12"
"Eilish","215","12"
"Iris","215","12"
"Gwendoline","215","12"
"Lynda","215","12"
"Kim","221","11"
"Joy","221","11"
"Diane","221","11"
"Abina","221","11"
"Catherina","221","11"
"Loretta","221","11"
"Alexandra","227","10"
"Eilis","227","10"
"Wendy","227","10"
"Allison","227","10"
"Rosemarie","227","10"
"Daphne","227","10"
"Deborrah","227","10"
"Jacintha","227","10"
"Loretto","227","10"
"Muriel","227","10"
"Tracey","227","10"
"Isobel","238","9"
"Beatrice","238","9"
"Blaithin","238","9"
"Olga","238","9"
"Marianne","238","9"
"Bridie","238","9"
"Moira","238","9"
"Attracta","238","9"
"Carole","238","9"
"Clair","238","9"
"Fionnula","238","9"
"Graine","238","9"
"Shelia","238","9"
"Eva","251","8"
"Jill","251","8"
"Tracy","251","8"
"Cynthia","251","8"
"Sabina","251","8"
"Ethel","251","8"
"Honora","251","8"
"Lynn","251","8"
"Noeline","251","8"
"Sheelagh","251","8"
"Virginia","251","8"
"Amy","262","7"
"Melissa","262","7"
"Juliet","262","7"
"Bronwyn","262","7"
"Leonie","262","7"
"Jillian","262","7"
"Rosanna","262","7"
"Alma","262","7"
"Rhona","262","7"
"Susanna","262","7"
"Tina","262","7"
"Anastatia","262","7"
"Arlene","262","7"
"Blanaid","262","7"
"Cathleen","262","7"
"Cheryl","262","7"
"Loreto","262","7"
"Vera","262","7"
"Bernadine","262","7"
"Phyllis","262","7"
"Victoria","282","6"
"Leona","282","6"
"Nessa","282","6"
"Genevieve","282","6"
"Adele","282","6"
"Olwyn","282","6"
"Ingrid","282","6"
"Roberta","282","6"
"Sonia","282","6"
"Vivien","282","6"
"Cathriona","282","6"
"Eimer","282","6"
"Ester","282","6"
"Gail","282","6"
"Rosaline","282","6"
"Nicole","297","5"
"Isabel","297","5"
"Muireann","297","5"
"Alicia","297","5"
"Vanessa","297","5"
"Rachael","297","5"
"Cliodhna","297","5"
"Serena","297","5"
"Louisa","297","5"
"Gloria","297","5"
"Tanya","297","5"
"Delia","297","5"
"Edith","297","5"
"Bernice","297","5"
"Sile","297","5"
"Adeline","297","5"
"Debra","297","5"
"Helga","297","5"
"Karin","297","5"
"Katriona","297","5"
"Marjorie","297","5"
"Mildred","297","5"
"Mona","297","5"
"Rosarie","297","5"
"Cecily","297","5"
"Deboragh","297","5"
"Eithna","297","5"
"Fionuala","297","5"
"Amelia","325","4"
"Sophia","325","4"
"Eve","325","4"
"Clara","325","4"
"Naomi","325","4"
"Moya","325","4"
"Lucia","325","4"
"Claudia","325","4"
"Bronagh","325","4"
"Lena","325","4"
"Aishling","325","4"
"Matilda","325","4"
"Neasa","325","4"
"Karina","325","4"
"April","325","4"
"Dawn","325","4"
"Gabriella","325","4"
"Iseult","325","4"
"Nancy","325","4"
"Robin","325","4"
"Julianne","325","4"
"Sheena","325","4"
"Katrina","325","4"
"Honor","325","4"
"Penelope","325","4"
"Brona","325","4"
"Cecelia","325","4"
"Lelia","325","4"
"Celia","325","4"
"Eibhlin","325","4"
"Marguerita","325","4"
"Sonya","325","4"
"Angeline","325","4"
"Breeda","325","4"
"Criona","325","4"
"Doris","325","4"
"Ethne","325","4"
"Finnula","325","4"
"Freda","325","4"
"Henrietta","325","4"
"Ida","325","4"
"Johannah","325","4"
"Kathrina","325","4"
"Liza","325","4"
"Mamie","325","4"
"Martine","325","4"
"Naoimh","325","4"
"Nichola","325","4"
"Noleen","325","4"
"Rosario","325","4"
"Roseanna","325","4"
"Shiela","325","4"
"Sioban","325","4"
"Thelma","325","4"
"Verona","325","4"
"Breid","325","4"
"Finuala","325","4"
"Finula","325","4"
"Nula","325","4"
"Sharron","325","4"
"Isabella","385","3"
"Orlaith","385","3"
"Carla","385","3"
"Natasha","385","3"
"Ashley","385","3"
"Blathnaid","385","3"
"Natalie","385","3"
"Aislinn","385","3"
"Melanie","385","3"
"Jemma","385","3"
"Lillian","385","3"
"Eanna","385","3"
"Mabel","385","3"
"Susannah","385","3"
"Carmen","385","3"
"Derval","385","3"
"Alexis","385","3"
"Eunice","385","3"
"Adelaide","385","3"
"Agatha","385","3"
"Ide","385","3"
"Bernardine","385","3"
"Brighid","385","3"
"Coleen","385","3"
"Constance","385","3"
"Edwina","385","3"
"Finnuala","385","3"
"Gladys","385","3"
"Gretta","385","3"
"Hanorah","385","3"
"Hanoria","385","3"
"Hillary","385","3"
"Inez","385","3"
"Justina","385","3"
"Lucinda","385","3"
"Lynne","385","3"
"Meriel","385","3"
"Noelene","385","3"
"Noirin","385","3"
"Patrice","385","3"
"Rena","385","3"
"Sonja","385","3"
"Terese","385","3"
"Trudy","385","3"
"Yvette","385","3"
"Zita","385","3"
"Asling","385","3"
"Catrina","385","3"
"Derville","385","3"
"Elixabeth","385","3"
"Finnola","385","3"
"Glenda","385","3"
"Hiliary","385","3"
"Jilian","385","3"
"Noelette","385","3"
"Perpetua","385","3"